ID_Cliente;Idade;Renda;Categoria
2289;37.757824229883795;7399.068670210834;Vestuário
8293;31.107184578806876;5957.378507404243;Vestuário
2344;;6569.997751083258;Vestuário
8291;34.75571461013392;4135.43329901273;Eletrônicos
5829;48.084871545168376;4034.50516545508;Móveis
2520;61.62577473831105;3037.1490394773696;Móveis
7400;38.427263987621004;6449.659581811238;Eletrônicos
6648;43.72630165412905;3874.0278904701754;Eletrônicos
5452;;4370.365420496413;Móveis
1239;;4469.724456218473;
3443;39.830161298184706;4605.028749852861;Eletrônicos
3102;44.76906030686802;246.4844444819656;Vestuário
4416;43.46841286198217;2647.4019199099293;Vestuário
8290;36.5665175697727;5861.301987301017;Vestuário
1574;33.45478225274732;1468.8134972592363;Eletrônicos
9036;53.30147150180045;7428.227102139764;Eletrônicos
7899;44.29111295543352;5911.5402119584005;Móveis
1409;48.825374867213995;3933.6538548137532;Vestuário
2406;28.47738641457855;4759.12450204863;Móveis
1653;;4761.889511027026;Vestuário
4932;20.411556236912098;6398.600135023335;Móveis
2366;39.776489442639594;5638.340485703698;Vestuário
9281;35.29400794104725;7276.883365753432;Vestuário
3700;36.61812786149755;8153.690985395376;Móveis
8489;30.890763982342108;7303.287407672658;
2828;44.308356346633865;4568.961233670839;Vestuário
1283;40.382686483345054;6022.691895267706;Móveis
9285;36.951927961171904;5073.062013300639;Vestuário
8063;55.65625718141938;6209.314496213572;Eletrônicos
3654;;-2.622011169077787;Vestuário
5491;36.833184178720735;1808.4847150803603;
8561;;9912.615646827726;Vestuário
7159;15.128958506138313;5952.847961819687;Vestuário
4602;;8083.06675899649;Móveis
1630;30.186054483712454;7216.661007682254;Eletrônicos
6191;26.890881893732576;3774.356605010433;Eletrônicos
4416;33.911264547035664;3854.5421524547373;Móveis
2681;53.20780653707214;5549.550225491919;Eletrônicos
2159;40.14069944618611;5142.370740879733;Eletrônicos
7859;32.65332538382964;2810.1280273910725;Eletrônicos
9988;24.144213615269244;1582.229831194685;Móveis
7945;44.51745964114985;6138.292486403517;Móveis
3810;32.6960778670538;6877.3361853806855;Móveis
1044;53.69987824433188;1907.2299871658367;Eletrônicos
3693;;4946.588436955758;Eletrônicos
3052;49.33636526236332;9413.123732079068;Eletrônicos
8512;39.72639428574271;3718.5341137731994;Eletrônicos
6976;35.75658919913848;5169.471656661846;Eletrônicos
8350;;5295.162108897146;Vestuário
1360;;7927.046708992579;Móveis
3703;34.73077360652814;3907.9283834826556;Móveis
4069;;2969.158182993227;Móveis
2270;16.151498276495225;8479.534184350772;Móveis
3645;27.824877839984545;6094.651394554536;Vestuário
7768;26.82063623848533;2640.5219370695945;Móveis
5876;37.09371089362431;3920.0530158241922;Vestuário
5576;33.6937907722791;3316.0518175664347;Vestuário
9254;39.9298520478015;6784.45511230928;Vestuário
2526;;2620.3541320132827;
9177;40.618724649679685;6866.76496160332;Vestuário
3412;38.380593447118834;7493.201493035503;Eletrônicos
1232;46.03872903242985;6049.58091861005;Móveis
4626;25.99700439154461;3240.7489454414617;Eletrônicos
3797;15.989862641289353;4672.990703759294;Vestuário
7457;28.791456680287865;8355.1654818788;Vestuário
5843;;3832.8636156152133;Eletrônicos
3866;;5576.32859207706;Móveis
3605;30.209654344074185;8136.359388577094;Móveis
8845;22.108752987062516;4015.9554254154564;Vestuário
1914;25.25800407741863;6793.1970613318745;Móveis
2539;33.05897467789944;9716.314300173204;Eletrônicos
3845;17.532641575042618;7080.029170769421;Eletrônicos
8952;33.49022947949181;5215.940594785535;Vestuário
2362;35.179231908939045;5383.571327284028;Vestuário
2103;33.016794965585156;3410.6541385175506;Eletrônicos
8411;36.24646161460773;6306.9551346594735;Vestuário
4125;28.36249075338448;4869.705542661897;Vestuário
1921;47.815738406346966;1668.5057144733953;Móveis
6486;42.92239483267218;5720.5104652676155;Vestuário
9112;27.08898046901906;3009.0379086684984;Eletrônicos
7929;;5845.019117548775;Eletrônicos
8505;28.35762671720802;9444.703785638332;
8913;47.718206238935515;3280.660821293777;Móveis
9478;33.80447017098931;5543.140771886276;Eletrônicos
8377;;5861.080557197848;
9593;43.46185095271044;4192.63132000027;
4216;41.11229782867569;7142.403174871671;Vestuário
5767;32.963969211395025;6808.492065192925;Eletrônicos
6477;29.75826176700087;4628.612734159605;Vestuário
5297;30.814259768891166;4141.113530484404;Eletrônicos
7566;;3054.3388294194924;Móveis
3814;24.411517080223437;7860.981299979558;Vestuário
1534;53.0524557746825;4858.815351676995;Vestuário
4680;34.25976776032195;6605.701844282111;Eletrônicos
8235;57.04885697984326;4396.738197224427;Vestuário
8263;30.479107130831846;3884.1975859897475;Eletrônicos
5451;32.90564039718243;2539.7161646478603;Móveis
2106;32.05315642327859;4270.176485729098;Móveis
3110;44.06492163745013;7158.01697955717;Vestuário
4830;44.9925449289787;4471.648658190828;Vestuário
2613;38.153843078128574;6426.246759594808;Eletrônicos
1506;46.377994669517456;8980.450355883244;Eletrônicos
7109;46.580963641955144;6922.71881533494;Móveis
6869;44.99760518885932;4694.299511195733;Eletrônicos
1459;30.835513824574246;9989.802816265;Móveis
3033;23.562235971916785;4075.104957101582;Vestuário
4493;18.73553183590863;3253.286965104896;Vestuário
6013;20.41210578896807;3405.846092267949;Móveis
5776;31.841746457655663;6706.469753635828;Móveis
4429;22.110641888308784;3538.770078044799;Móveis
5442;33.9164001713662;5766.382435094844;Vestuário
6703;49.932333293077335;9211.21767343504;Eletrônicos
7792;;5917.6007846744;Eletrônicos
8893;16.083546033283515;4110.8919579045105;Vestuário
3376;43.40366157469657;4361.724921153883;Vestuário
1412;32.74801162315827;2385.281860560788;Vestuário
2279;30.00579754116694;7054.599872936488;Móveis
5973;32.28982099771202;8589.896487341159;Móveis
8710;21.74634128252102;7582.729256403771;Móveis
1985;35.18548135785696;3862.9149669183716;Vestuário
7350;42.54554919049384;4891.050316292595;
6333;24.75197310158246;2294.800971727616;Eletrônicos
5030;40.69933542352652;6464.637367785;Móveis
6133;41.09210407747964;2912.1552681254584;Eletrônicos
4753;;5652.602438876114;Móveis
3564;45.09196039658983;5297.67158481104;
7871;23.41282339583733;5877.87074275315;Vestuário
7684;39.39732674203551;4164.8915052507145;Vestuário
9743;33.56457560378924;5116.962610178315;Eletrônicos
5443;34.17519438752873;4112.994798884324;
5199;38.88578019972156;1425.0411283016833;Eletrônicos
5873;37.13784719725253;2913.8071845041627;Móveis
6383;15.37481482616178;4345.591388497696;Móveis
5246;22.03137874229585;7908.149237710372;Vestuário
3080;24.194035035455446;9350.172740199592;Vestuário
4843;;6017.247694994697;Eletrônicos
2204;42.800463094512445;6750.680515590039;Eletrônicos
8116;45.5881702171119;4136.76151703598;Vestuário
6828;41.717409335775415;3093.4403245176372;Eletrônicos
7302;36.75139499580083;6045.127885163941;Vestuário
2006;25.297367344307556;3347.8565835662057;Móveis
5472;;4271.00014442812;Eletrônicos
9052;36.05936373524038;7134.636224743402;Vestuário
7474;22.61982472584959;5470.722930016527;Móveis
8966;28.800541002286963;5046.846434533912;Móveis
3185;47.18060109237088;5436.058271501581;Móveis
3306;49.33901430144375;2576.561164726858;Móveis
8142;25.640905012593407;5005.337694439105;Vestuário
9845;56.080380084916875;5617.784075981723;Vestuário
5532;44.1170836698025;4108.945774857039;
5741;40.68167077811111;4828.762530070978;Eletrônicos
3269;23.30532328989183;4600.291385679071;Móveis
7127;;5773.422181780162;Eletrônicos
5436;34.4677510880968;7104.926284442132;Eletrônicos
8088;27.482280984363264;6697.338347199023;Eletrônicos
2834;;5121.9172411292875;Eletrônicos
2527;33.95123216033523;-1225.289887211269;Eletrônicos
5446;25.09576110965041;4565.974630250184;Eletrônicos
4158;41.139780384972056;7824.314269148766;Vestuário
8621;33.82786528122817;5927.239461208279;Móveis
7957;17.676785779230684;2374.238235569316;Móveis
2458;26.261982828102095;5487.744286012704;
4568;23.653046771846785;7877.335269864197;Vestuário
6676;;2992.7905678470793;Vestuário
1875;29.503523795471214;3672.0924234578565;Móveis
3765;36.87456441691449;7404.1182685613185;
8067;;4570.843078620844;Móveis
5551;33.13078694108084;4610.422501703412;Móveis
3520;;7311.024567993606;
2127;41.868484059889674;6399.029301809265;Móveis
9247;32.22929607873247;9027.0432828799;Móveis
2926;54.90005512437931;4834.803290932225;Móveis
8177;26.063600474273805;8816.749227197071;Eletrônicos
6390;34.58987495097077;4838.9483696651505;Móveis
7637;48.00269054946124;3257.241034230358;Vestuário
5213;23.53904173661896;3064.35268808554;Eletrônicos
6508;25.49051012704406;1870.3291816615763;Eletrônicos
6321;23.84340849097925;2685.948985788699;Móveis
4628;33.70132909526044;2216.133136492594;Móveis
8931;32.069110607561846;5970.806433239763;Móveis
7116;;4011.010324435293;Eletrônicos
3854;46.18030804263471;9113.48385985273;Vestuário
7025;23.43536347257877;2718.458610314532;Móveis
7475;31.14539098118583;4227.610962313325;Móveis
4495;38.993273736188165;7041.776226101736;Vestuário
9506;9.885309009425383;5703.614858105313;Vestuário
3609;29.733919659526773;7164.882000383403;Vestuário
9161;30.442180985197435;3583.8128000981496;Eletrônicos
3895;28.948960274917855;6446.433959111356;Vestuário
4605;;2779.4385769698624;Móveis
9645;45.971208292630386;7576.092101413407;Vestuário
5528;29.61422631573943;2991.999167301165;Vestuário
3874;56.955967428566744;1333.4351851438582;Móveis
8565;27.973562148065895;5568.598815521416;Móveis
2169;34.39400441642886;5064.460453473808;Vestuário
1453;37.172282166901184;2459.370980688273;Eletrônicos
6810;;4266.466582050172;Eletrônicos
2587;39.578919738590194;2137.2677900823646;Vestuário
3053;35.21043221069701;7603.91062376831;Eletrônicos
6367;36.56371521816427;6188.721668046379;Vestuário
6996;45.376541896217724;5503.033701979597;Vestuário
5285;35.456659002417524;7515.198582372822;Móveis
7376;46.073361487481854;3668.9916009211656;Vestuário
4984;21.622109490306876;3048.9112289908794;Móveis
1644;32.463332781701816;2027.7517993619397;Vestuário
6014;47.548798401947636;4095.6777995190005;Eletrônicos
3835;34.19454831868427;4714.188923913742;Eletrônicos
7741;22.791577445861954;905.0522721664231;Vestuário
8459;23.440739149297414;7373.7062821995605;Móveis
7776;;2777.6663279844097;Eletrônicos
7435;21.8760859335594;2532.365701784426;Móveis
8280;39.95348507418578;4865.657787826084;Móveis
6387;6.849386922307166;4653.727817990089;Móveis
7697;;7360.16151140828;Eletrônicos
9502;21.09349419802744;6293.443692176208;Vestuário
6139;21.26757327039143;7619.502116737967;Móveis
9489;29.3044830670021;3232.118472553913;Vestuário
8121;22.65066622528975;7023.7734833675695;Vestuário
7845;39.77597650237438;5706.385787155237;Vestuário
6632;27.105208600867947;5336.66032665695;Eletrônicos
5926;29.477647234221212;5938.157264560562;Móveis
8784;;1431.8447524976548;Móveis
1269;37.72717816866085;5568.150761453677;
3940;36.262554755909534;2363.8024589326683;Móveis
4808;34.74141578301883;6026.102395050081;Móveis
7309;23.756577796491495;6286.218554172883;Vestuário
9399;;5133.987243101485;Eletrônicos
4604;56.18591435639299;6271.61547489711;Eletrônicos
4161;32.37033862790621;6403.177396182887;Vestuário
2660;24.966120563142617;8892.715786750225;Eletrônicos
8520;19.822037748288736;4688.700619692226;Vestuário
7425;;3104.9937275118664;Vestuário
1575;31.56654751107211;4423.891247409484;Móveis
8154;29.59635668642898;3304.1817333147774;Eletrônicos
6947;45.45169505077789;3344.188446587445;
7686;34.20064762864187;8266.546970574711;Vestuário
2222;41.61394964585836;4762.073225799952;Móveis
6055;41.2338841132193;6469.922698666388;Vestuário
4158;;3310.528405182138;Móveis
9733;31.912191862023175;3388.7809015978055;Móveis
6831;44.70167988871644;3610.0110272761394;Móveis
8673;39.51046213413367;4365.6354529522905;
9583;24.37293279064014;6676.759817143609;Vestuário
1251;24.74857963334791;5824.4882375957295;Móveis
8645;39.196140239719824;4225.753000361459;Móveis
1938;31.846677204176974;6042.619043006114;
7969;12.89245588280599;1883.8045504903716;Móveis
8930;37.567898350195144;4290.930555814282;Eletrônicos
1208;37.60529355218143;5100.661249374411;Eletrônicos
5098;36.98179914376494;3629.8634614774032;Vestuário
1058;50.25852040160496;3940.806648506189;Móveis
4532;31.01727746406956;5132.6101491127065;Móveis
8072;19.63604791228036;4122.2023565181335;Móveis
1144;41.341490647799795;5446.481355925568;Móveis
1889;;6547.248123823094;Móveis
9255;41.00676777367916;3520.906110704859;Móveis
4915;41.47285485790549;3102.0431218918116;Vestuário
4961;36.49564405147078;4797.344605651173;Eletrônicos
4257;29.486574319341525;3107.9143334801843;Eletrônicos
8303;34.344975877870915;2898.891439638349;Vestuário
2897;33.41883270364609;2987.3740619642945;Eletrônicos
9752;30.436848208388803;236.34238596967094;Vestuário
5416;36.568721129155136;6330.344309890137;
6809;33.80205232469054;4013.5538960131908;Eletrônicos
3356;35.487427105136824;7990.090276408394;Vestuário
7490;24.09821416798458;7748.17023993597;Vestuário
3873;32.143643530441;4791.3124218731455;Móveis
2968;23.534681242070036;9200.76211226165;Móveis
5209;24.415015122834202;7088.417113510606;Eletrônicos
2386;48.76798341889645;1115.8051921491187;Vestuário
9851;;5688.136238386203;Móveis
3608;39.85599770388723;3884.69111531852;Vestuário
5584;18.159225970889274;6723.0291131267695;Eletrônicos
4404;33.964364962131285;5453.904942097883;Vestuário
9779;45.42891712759636;4375.900425823218;Eletrônicos
7749;42.84855734604314;5836.889229700449;Móveis
2180;27.585107651203906;6163.933919266342;Eletrônicos
6071;;4412.611997438853;Vestuário
3197;31.275842542350883;-7.333280151045507;Vestuário
1227;25.32673910388399;4136.812311017163;
7062;22.92330759545721;2974.631907883347;Vestuário
2325;14.92024807382689;7322.205400642848;Eletrônicos
6598;39.694962060667706;1067.5904942874342;Eletrônicos
1289;42.756542216651376;1262.449772872527;Vestuário
2505;51.7106649202552;4106.4247186780885;Móveis
6985;31.4876002070375;5368.368892546747;Móveis
4566;31.723003014324235;6399.493099192616;
1671;;3769.8578700764224;Móveis
2233;38.122699761208565;733.4225016211286;Móveis
9657;36.56715587432187;6493.485291229417;Vestuário
3430;19.949732523117035;3730.479537518569;Vestuário
7199;39.77145648523841;4533.0897922056165;Móveis
8928;40.71007365708325;7376.274412568744;
6559;37.54069456138528;4885.709566740242;Eletrônicos
5058;;1931.185442004458;
9006;15.83113406045796;7120.125770541606;Móveis
7881;;1363.6471896874723;Eletrônicos
5997;33.93197238735159;4728.952337740047;Vestuário
7088;30.34016110385069;6464.148533762022;Móveis
7685;35.677672632008544;8213.658326470522;Vestuário
7169;32.75533230131052;5298.703023283332;Móveis
7326;35.717383056696825;3814.3101589410417;Eletrônicos
7624;33.83238437241484;5168.018301339186;
1026;30.30141345474918;3791.6993912047787;Móveis
6578;23.9079150526319;6299.140821261932;Móveis
7620;22.61540607825179;4159.800715159478;Eletrônicos
1160;38.41387653925786;6493.305965842382;Móveis
5423;34.63032468858206;3660.997089253189;Eletrônicos
3391;39.06959694166794;4837.293134169828;Vestuário
3262;39.36534958802955;6686.28980999637;Móveis
8459;33.71095714089697;6934.238967198016;Móveis
9660;54.15652588918249;6632.781719109381;Vestuário
2135;29.97723557883875;7906.185112816413;Eletrônicos
9869;35.67693608649116;3045.598829529266;Vestuário
5207;29.924700065545313;5310.6913885624845;Eletrônicos
2603;31.40956176715024;7249.666130050615;Eletrônicos
6797;24.662039324924173;5253.746743975086;Eletrônicos
6945;41.80045197988056;4154.089726432508;Vestuário
9812;29.69997435736374;4962.201380309099;Móveis
4890;41.555969909616536;5128.95643321158;Móveis
7322;45.641286460338584;3851.8918560864836;Vestuário
5110;34.7873508128944;3353.0026987908077;Vestuário
9321;;4223.560021356827;Vestuário
9732;38.097622237164096;5787.142341002921;Eletrônicos
9762;40.65386248923795;3181.960338320354;Móveis
2271;41.49446035484592;3766.125222448137;Eletrônicos
9715;21.72410839915476;5424.346410150994;Vestuário
1509;50.0501992755058;3511.3673119479686;Vestuário
6794;;3036.470265903948;Eletrônicos
9843;21.197843252188328;1793.104125995697;Móveis
5772;41.15319945000128;5702.224154404495;Móveis
1316;31.554512229227203;9356.887178710855;Eletrônicos
3354;36.09433255782547;1493.5347282233145;Móveis
1059;37.15277935019269;5640.167573341414;Vestuário
4733;52.20386870303167;1223.996667132416;Vestuário
1400;36.494222587278685;6055.624517605946;Vestuário
5157;39.696919837147426;5834.350401530593;Vestuário
7778;31.606778824674166;5225.735169386335;Vestuário
6052;27.950891065262237;5105.446945205856;Móveis
5501;43.620258492370255;8057.327145875175;Eletrônicos
4454;;6610.613856248489;Vestuário
6203;50.75342084911932;7438.849675580627;Móveis
1583;;5271.239408086128;Móveis
6264;38.71280832634933;4569.312549905699;Eletrônicos
1451;;2402.7964246512374;Móveis
4750;18.313673340650713;4353.176564929206;Vestuário
4739;22.258315932084503;5235.585850577824;Móveis
9290;39.92167749014713;6877.436632003517;Móveis
6209;37.31822232471312;3685.749824829808;Eletrônicos
7385;28.613075179615628;6200.002247452731;Eletrônicos
1656;44.10932388416965;2852.4043435566687;Móveis
6714;26.045247640897813;3518.983281234048;Móveis
7803;20.594276985237773;6307.337196236595;Eletrônicos
7897;35.84982871845104;3601.348738961599;Móveis
7132;36.32168149462666;2925.1859284061725;Eletrônicos
8008;44.46298664243801;6687.757139294669;Vestuário
9152;;8620.706672950875;Vestuário
9150;43.33514688174584;2217.735886383259;Móveis
5213;25.3101074923791;4678.068903318736;Vestuário
7376;43.64170548301323;4373.002488402089;Móveis
1154;24.556168533851697;4682.302162956459;Móveis
8504;45.27838928822456;1940.4572118066583;Eletrônicos
4190;33.03172285322418;5103.112975155383;Móveis
7556;34.91832212417982;2786.540263745149;Móveis
3202;30.85880502679777;7037.198479121714;Móveis
7785;33.71186257916722;1666.9555365001324;Móveis
4419;;3732.0688113173237;Móveis
2922;20.38586357687933;3143.8213718015713;Móveis
4388;26.715893005048812;5842.303785926263;Vestuário
6555;28.746984514429816;9654.271673334213;Vestuário
7477;;4355.7659641976925;Móveis
7568;40.26014692943146;8005.944025720492;Vestuário
5486;31.919076082354206;3023.7726660081407;Eletrônicos
2895;38.84037785498714;4412.042378260408;Móveis
6231;39.506916822618;5560.078235908561;Eletrônicos
7053;31.90564374692021;4020.034838721007;Vestuário
9262;10.657913251100046;929.5196326169774;Eletrônicos
1765;35.34880457784325;4419.187524202119;Eletrônicos
7251;;6910.957449537629;Eletrônicos
1503;29.59743578580145;2929.435886611605;Vestuário
7137;42.4015203883679;8550.407330072183;Móveis
4049;27.917100614168287;5778.494545152889;Móveis
9670;;3696.3187864200972;Eletrônicos
9100;56.110985367683995;4941.555917949889;Móveis
4402;;5509.129379039843;Eletrônicos
4384;;2524.5496508030533;Eletrônicos
4552;46.45008657755558;4717.431710704709;Vestuário
6502;38.10876375433034;4997.41813885564;Vestuário
7440;38.92133801360279;7076.999094675777;Eletrônicos
4310;;504.6590025307083;Móveis
3106;31.58488360401155;3597.808816892725;Vestuário
9320;35.697737143893015;3578.7672288061;Móveis
5518;33.396429319969336;6106.792860644763;Móveis
2908;24.856608238645677;6655.725214271463;Eletrônicos
5558;31.68172251419857;4074.196500277427;Eletrônicos
8789;;5476.761817674663;Móveis
8404;31.097821360699328;5024.716383745666;Vestuário
7375;41.4245062443402;3907.3646403319613;Eletrônicos
6402;50.132522260949564;1261.46364339324;Eletrônicos
1849;33.57666411760603;3619.5403107666307;Móveis
5741;33.605800386253335;6120.642433187913;Eletrônicos
3305;46.755075428263666;6047.760061889108;
7540;;4654.525270132717;Eletrônicos
8395;41.83407260572395;477.42681223495873;Móveis
1086;22.848864008316315;7417.192453333948;Móveis
8539;40.31561239786487;5528.938373500473;Eletrônicos
9192;37.454289832401486;3123.0482708120344;Vestuário
8955;;3578.246188904666;
4973;52.4445999115439;3859.669682586783;Vestuário
6437;;5977.93185270276;Móveis
9070;53.246689557722654;1844.293219035837;
3901;18.200546174156592;5594.055840996408;Eletrônicos
2267;23.855910776064192;5355.511142757935;Móveis
9036;;6012.211460762375;Vestuário
9932;;6521.91944042919;Vestuário
6730;39.70432125159391;1444.3865075292242;Móveis
5187;;9795.627885845512;Eletrônicos
4638;24.35376396008229;4043.86130967837;Vestuário
2672;33.173910620218216;2935.870139937737;Vestuário
1522;37.11447859119633;7444.6247792661925;Eletrônicos
2721;21.672747414813006;4982.823070085642;Móveis
1340;32.92430074974137;4597.045169007826;Vestuário
8148;34.92170784425138;6613.546724208429;Móveis
2473;38.65266241306854;8435.390214742489;Móveis
2415;30.999720171321503;4480.1455516616315;Móveis
2584;46.32525487132303;1508.7554800456383;Eletrônicos
3962;34.013837073795465;6852.70150129503;Eletrônicos
6395;32.88977806754475;1439.7441903324504;Eletrônicos
5256;;3042.277182011728;Vestuário
8992;25.703357760776523;5552.806278464493;Vestuário
6609;29.020963908262058;1328.9214648670313;Eletrônicos
5605;20.670293366675892;5403.877182675171;Vestuário
9594;;1358.536257914858;Vestuário
8805;26.058552301338427;6980.360501818827;Vestuário
1527;1.8233094769857505;4072.225233622627;Vestuário
8081;43.952795835300705;4772.224500927895;Móveis
6575;46.99629397527988;3477.2929109342376;Eletrônicos
2898;38.81604601641205;5118.228454691939;Vestuário
8731;35.901728639450326;4681.8208708524935;
2023;34.62551380412999;4240.089716247049;Móveis
7725;11.66825969350954;1682.8402379605532;Vestuário
5810;34.33050415825942;5576.642282683305;Eletrônicos
7455;20.46890897255247;945.8620964845119;Eletrônicos
6510;25.285209279138734;3432.5683491865852;Vestuário
9464;21.024117172766733;4109.395178362707;Eletrônicos
4860;35.858920869476684;140.1517696671615;Vestuário
1432;61.50689880894302;6348.279035415521;
7604;30.150802353604103;4586.963527222339;Eletrônicos
6708;48.7009922616581;2223.075437024818;Vestuário
6185;39.54701165018378;6877.990299859113;Vestuário
3642;50.78553276635646;4450.967795808204;Eletrônicos
7680;46.961800705119586;2907.8266202769814;Eletrônicos
2480;16.60825421283134;3728.266453103214;Vestuário
7096;46.09381316780096;8147.817520961034;Eletrônicos
9819;;6632.3776404536075;Vestuário
4093;;8651.611612886978;Móveis
2375;39.09715396326215;1446.7704056448745;Eletrônicos
2027;20.720124894429503;1310.6687083744366;Móveis
5719;36.95893321926857;5701.197822567663;
5706;46.58202523315927;6827.696136217361;
6529;37.393529313105105;5209.486816497203;Vestuário
3761;22.928626970188702;5132.847636237879;Móveis
9775;32.02469802469245;6802.2695612323205;Eletrônicos
9358;38.48145445363728;4785.623840072326;Móveis
8601;;2346.5836356908103;Móveis
9982;37.005006964061984;5260.7567808657395;Móveis
2648;31.344604321887008;4545.905510147459;Vestuário
6167;29.458359794315037;3828.438837568846;
3207;;7809.39953097716;Eletrônicos
3146;51.345026744781215;4308.217521202923;Eletrônicos
9581;42.02061351595911;5522.196037423562;
2868;28.567334468486212;2261.261588684138;Eletrônicos
8700;47.41112360278039;6237.499145804094;Eletrônicos
1466;;4190.628499929845;Eletrônicos
9869;49.94537610130657;1268.356630273114;Eletrônicos
3658;;7341.770790945493;Vestuário
8430;45.93526628875739;5880.258042719712;Vestuário
2694;31.895105113407602;3115.139963234752;Eletrônicos
7342;33.55025483096439;4399.193430629882;Móveis
9501;49.414758760643956;2751.5822738510624;Eletrônicos
2293;;6516.736872254568;Eletrônicos
2403;37.40207426710108;2204.7778290613214;Vestuário
6898;29.28509794029785;6899.125131647478;
2596;37.90422256406472;6547.166497384747;Eletrônicos
5735;36.219424603246594;4824.454507675142;Eletrônicos
8713;58.17557074895077;8835.214614401368;Vestuário
5010;;3609.0930418070247;Vestuário
3176;;6623.011363266529;Móveis
7712;;3734.01019176462;Eletrônicos
8127;42.16788376270851;5434.189738575047;Vestuário
6622;31.911055940570044;5585.482153270006;Eletrônicos
3565;42.17578257179922;4635.960116405603;Eletrônicos
4507;48.733734985152026;4370.698866569436;Eletrônicos
6089;44.74920051476344;5117.314021367622;Eletrônicos
5605;23.94069697342552;3091.3489474698963;Móveis
1522;29.28810120695976;6589.678498864574;Vestuário
6870;35.868732685488006;6418.391500411798;Móveis
6286;17.202031709287766;7576.115393417102;Vestuário
3982;42.15636339359838;5981.399149600649;
1790;32.37052087542776;5626.389914615917;Móveis
4930;33.258831966865614;5861.148906433986;Móveis
4400;38.538908780533845;2311.8173861069345;Móveis
8606;29.12737174187569;3742.7801221817112;Eletrônicos
9962;50.119538499040424;3303.801240988229;Móveis
5631;42.54911380643072;414.7600208169813;
4965;;4177.00610780952;Eletrônicos
6953;;5895.494772990441;
3852;29.65193004199681;5023.233254241285;Eletrônicos
8267;43.06390993804134;4185.391065138223;Eletrônicos
9918;42.49548144597526;1535.342454386174;Móveis
7430;48.793381298631935;5619.213495131308;Móveis
7060;30.2840538647237;4198.685770742158;Eletrônicos
6735;32.2469298482667;5724.729033936915;Eletrônicos
7437;37.388172424389346;890.155655352828;Eletrônicos
7978;38.505246927677796;7001.276817928145;
8739;;6350.223981160039;Vestuário
1547;42.14837742332186;4196.619729288161;Vestuário
5674;34.26872160556458;4026.3225698551805;Vestuário
6812;10.37777421035015;7347.495090447819;Móveis
8922;10.887684282072957;5447.079774475689;Eletrônicos
7600;25.04053037743485;5323.822596528364;Vestuário
2744;;2540.875780439642;Vestuário
3567;44.12009636964327;8241.339713117999;Vestuário
7228;38.35331957643734;8348.672800520631;Vestuário
7736;30.943734061931735;4978.510605616257;Vestuário
9187;33.891176374770396;7697.193487075346;Móveis
5196;40.60160376617237;2702.7401693104257;Vestuário
4017;31.226819182356216;5040.030918709479;Eletrônicos
7693;47.947290060312454;6200.12284249103;Móveis
5680;;3713.757700234449;Vestuário
6357;46.03331257833372;4881.413126319614;Móveis
6543;29.079812786431997;5956.630081448567;Móveis
3343;33.66199577553309;5449.61954144041;Móveis
9359;34.40229120293562;6034.826471172582;Eletrônicos
7407;37.930623759832024;5012.023922394515;Vestuário
3533;20.89168573007437;3607.00275880074;
7163;47.54257741028727;494.05080055242934;Vestuário
7117;26.097234210030184;5409.1636982674745;Eletrônicos
2655;36.71013543955269;4218.735841809247;Vestuário
4286;35.58755380224011;7844.224555057219;Eletrônicos
4188;32.923403961964546;5742.079876777526;Eletrônicos
7305;46.635857952918705;7003.217274907625;Eletrônicos
9446;38.692160112967564;3760.888519421803;Vestuário
9549;44.04773921257817;5289.577234220694;Eletrônicos
7210;42.623123480919105;4549.750443738126;Eletrônicos
1457;28.184425210065786;7264.3710408859315;Móveis
2317;48.77823460557836;6630.231569497386;Móveis
4577;46.84554791074167;7634.164999855364;Eletrônicos
7227;25.1793672536671;7770.063751307506;
3399;32.49539180851399;5327.495466793802;Eletrônicos
6878;;4266.575586487706;Vestuário
7466;38.22392506817691;3009.5886181001492;Eletrônicos
6759;39.679119939511125;4356.1145518555395;Eletrônicos
6067;58.24048745443136;5086.805248147246;Móveis
7624;26.76047283700558;4505.3326553412935;Móveis
3106;31.97880515544706;9432.128891639482;
2482;47.35933485031648;4849.71846952859;Eletrônicos
3300;46.90694172775956;4800.582249537564;Eletrônicos
9894;27.501039701971273;5393.870110391502;Vestuário
7830;43.15222023286764;5313.149903287826;Eletrônicos
3593;31.371185806469423;6688.291260406705;Vestuário
9622;41.43228414098238;7030.17174804074;Móveis
8056;41.56064026811423;6673.467861342946;Vestuário
2847;52.38086015743939;4661.624385936173;Móveis
6616;19.771542471164565;3561.0177682508647;
6289;27.215964000106435;5027.328626354451;Vestuário
9311;40.79633055772394;6888.082642760385;Móveis
1622;24.396644725304;2684.120042243207;Móveis
1049;29.511514397915953;6036.86673199615;Móveis
2245;44.41894580590674;3661.426788754749;Vestuário
3547;;4821.567971710135;Vestuário
9761;29.18394333101011;4599.2794116199175;Vestuário
6680;34.960278802728226;4578.662192020222;Móveis
1487;;6275.341710839356;Vestuário
3023;56.65262489032405;7907.727282294873;Móveis
4069;23.760865089577884;4187.441646607564;Móveis
5540;15.54483640055883;5247.580069373266;Móveis
2340;33.76988944679555;6965.359223312997;
3401;30.2435486579744;3527.1954196449487;Vestuário
7210;42.92189752695527;5741.9350252457625;Vestuário
4955;45.49230471439007;7559.378694183663;Móveis
2718;20.00837417937329;4167.876097484656;Eletrônicos
6991;24.238090325862554;2485.9672614042365;Eletrônicos
6141;;1359.9613409152776;Vestuário
6825;57.18270994674486;4727.121400734059;Móveis
8636;33.93882067825509;739.1447602492267;
2336;50.69927506322124;3839.1501301388566;Vestuário
3090;35.78528815142754;3573.863858373552;Vestuário
4105;35.38917017453122;6068.4730144465675;Eletrônicos
8403;20.683659087063496;5587.410242069782;Vestuário
2100;34.76129452057011;1789.1523851744705;Eletrônicos
4504;45.34350702473927;2392.2190044029917;Eletrônicos
4452;36.32917865726202;6036.419300345209;Eletrônicos
4618;39.20190738610215;6266.485509702171;Móveis
5812;38.50443006223563;7305.250558220256;Eletrônicos
9905;59.48004803835113;5744.466769063047;
7855;;6224.4923903234985;Móveis
3185;42.65247307872898;8420.550136253749;Vestuário
3060;42.05960044135837;2410.1828629569486;Móveis
9039;42.22986832552472;6351.8700652266625;Eletrônicos
8461;;4872.333184364697;Eletrônicos
2993;29.46890659186177;4056.4291906029175;Eletrônicos
9438;28.939709236226197;4161.014211397262;Vestuário
1292;36.904726144464625;7541.3132923854955;Móveis
7193;41.40702080479602;1847.2207661826335;Vestuário
5482;22.42797227867497;6341.127347821363;Eletrônicos
6604;34.40297398718468;7016.0971716400245;Vestuário
7365;30.071369805112354;8606.027637457264;Móveis
2326;49.65512690043697;4919.210679114592;Vestuário
4288;50.92964290667986;3757.0577337450372;Vestuário
7601;35.49792365162718;1944.1597529143792;Vestuário
2384;45.20981928071207;5399.325474500093;Eletrônicos
4364;15.63796712200266;2986.1652902065316;Eletrônicos
9348;30.716138401158247;5124.651999378584;Móveis
6651;21.291637088952434;4619.499904030842;Móveis
4786;32.92272386833961;5849.872290106242;Móveis
5853;43.74976427545839;4656.182865126519;Móveis
1135;;4711.748725710201;Eletrônicos
9904;35.04216724519231;7454.9782454287415;Móveis
3140;54.69044194304239;5157.595038522721;Eletrônicos
4646;40.11877661449282;7484.065309897302;Móveis
4259;;3376.2649323934565;Móveis
5089;;5892.660498319077;Eletrônicos
3860;16.546736337610234;5713.619444935097;
4095;39.98539066639558;4124.843071778527;Vestuário
5234;32.677983720840245;2718.196561794789;Móveis
1884;20.723303049931808;3109.429462182027;Vestuário
7429;26.19712273679103;5660.646199161619;Eletrônicos
8824;;6922.700248277678;Eletrônicos
3956;55.58527359573879;5490.519751218715;Vestuário
2498;19.20747663086215;7669.976664156628;Vestuário
3678;54.141007293000484;5456.434456919487;
4888;31.508518755712455;4770.033549202448;Eletrônicos
8187;36.06141721422388;5101.307195352546;Vestuário
5604;;6620.412941253706;Eletrônicos
5237;45.119058404454734;7374.829266325693;Móveis
3197;17.83184417576959;1430.3960758993078;Eletrônicos
4056;;5717.377843195447;Eletrônicos
8791;14.503894731718049;5259.94128580161;Móveis
1849;39.09693325529159;6858.532914080704;Eletrônicos
4550;28.859468383859028;5697.0247695286325;Móveis
8363;32.052910011990846;3763.394606099505;Eletrônicos
5043;47.41652189539963;1734.5112454989123;Eletrônicos
8384;16.794558739572476;2321.915647889786;Móveis
1682;;640.1000586255279;
6956;39.80567462955055;9170.370810112141;Móveis
3405;37.04832588416223;5084.179167956008;Móveis
8545;54.83241586238749;4457.8841619054965;Móveis
7276;40.270393306058146;4659.215402090493;Móveis
4414;24.17381392824135;5155.345121307624;Vestuário
4998;30.750792834753128;5157.383811392409;Vestuário
9398;33.23558077283119;3047.958448594025;Vestuário
8495;;5913.0876587960465;Eletrônicos
4309;43.28614830752721;3949.733030407192;Móveis
7889;38.31591234664783;5947.0427062623985;Eletrônicos
6831;39.66090638925884;4988.378402583511;Eletrônicos
2069;38.45375753283114;6446.451146857888;
1443;39.08936200064524;5546.294883276517;Eletrônicos
8550;38.414533019907225;1771.407168684115;Vestuário
5530;54.605166508997755;4013.4820457561495;Vestuário
9822;45.4847626090449;6581.921324193174;Móveis
3358;44.360882629685;5189.91624214513;Eletrônicos
9485;42.032710708709224;6055.8202317001915;Móveis
4348;42.9620261200055;4214.946039293528;Eletrônicos
6130;20.732911575212068;6592.149062007216;Móveis
2086;40.128027977954815;3613.4545600215943;Móveis
8779;26.595396002178337;7104.721594965277;Eletrônicos
6907;;4907.740302085053;Eletrônicos
2410;;3331.4522107984008;Móveis
5755;37.991753951552276;6101.802033230321;Móveis
1488;51.21097722610863;5410.585020577265;Vestuário
1585;26.636990574206216;3677.5546185713183;Móveis
5346;;820.7017388881308;
3015;39.238245574630135;6185.6098100672725;Eletrônicos
2537;;6329.258355354161;Eletrônicos
6006;41.114228114592144;5300.5974172701135;
7880;;2522.1016247587386;Eletrônicos
8176;38.36971867490841;3931.257982855968;
8410;29.66896571166082;6395.627453069585;Vestuário
5184;20.98422657088124;3115.8460558566676;Móveis
1644;42.22504401117886;3299.322256521228;Móveis
7537;36.16877089475739;3651.0035835722892;Vestuário
9779;21.57265908152756;7191.215100008392;Eletrônicos
3042;20.32235643700766;3306.953883224057;Vestuário
2714;23.609484427682272;2154.142727097613;
7397;38.69395939872019;5307.948992863745;Eletrônicos
2103;25.732661302150913;7369.610660063058;Vestuário
7554;37.93493828047768;2493.264889467787;Móveis
9951;21.242170809578532;6098.522274959495;Móveis
4255;32.43384032933156;6389.538215336987;Móveis
7139;;3799.49970229972;Eletrônicos
4027;26.358131959797966;4721.349486926551;Eletrônicos
5246;28.05844389580206;5064.264443157269;Móveis
9940;21.59117696408387;4859.689717243813;Vestuário
5311;45.39977957727157;3064.2234666554873;Eletrônicos
3455;30.093604794187254;7701.336452861716;Móveis
8673;35.30407754931568;1458.241191014268;Vestuário
1198;17.2116684024425;3604.805869377381;Vestuário
3525;28.972901942697682;4418.881494775663;Móveis
2083;35.52266499412964;7644.333717862453;Eletrônicos
3203;42.06558653982683;2965.4840241871016;Vestuário
5005;35.77037610445342;7205.95298306384;Vestuário
8820;17.29660693061922;4070.139408917687;Móveis
6017;34.49859364443305;3333.691796510313;Móveis
4167;;1926.9867800545098;Vestuário
1399;38.92225086429379;6930.19946186224;Eletrônicos
3284;40.01636536039955;2595.6444959558694;Eletrônicos
7401;25.726379019453063;4990.431523457024;Móveis
7303;;4843.011064444036;Vestuário
7734;41.31838827961774;6258.227423808238;Móveis
9138;42.704189704041646;3159.200151246209;Móveis
6408;25.720924988617522;6430.4932346482165;Móveis
8156;27.412750308786464;5317.08637313101;Eletrônicos
4578;37.453307080145066;5629.871934793561;Móveis
1240;31.32885336193689;2556.7966898438344;Móveis
3841;32.124155478690305;7426.285424160225;Móveis
8956;43.46674923405813;5758.68537422561;
6631;;5399.992882341642;Vestuário
3338;40.82894819334755;6077.886803828639;Móveis
6015;41.13893072377714;263.16745427004395;Móveis
9303;24.281520519534713;5898.889480310238;Móveis
5605;42.383933628187584;9693.704638934463;Móveis
3799;;2121.8483480299737;Eletrônicos
6369;18.90499630176211;6024.589892153273;Móveis
7313;37.370456207613316;8291.841397956121;Eletrônicos
3455;37.36444269027198;4954.402993259726;Móveis
1416;;4689.223145815339;Eletrônicos
2007;;5726.2856417490275;Móveis
6407;44.850267702268376;4324.834005764925;Vestuário
8672;;8203.1537068572;Eletrônicos
8399;31.04115845594775;6364.365708323942;Móveis
8737;45.83184851031113;4116.368018863193;Eletrônicos
3010;39.93294453083392;6561.0248169791885;Vestuário
1082;37.32256999140533;2676.4579979448336;Móveis
2816;52.283885855093;4291.965043662924;Vestuário
9552;32.66257401524382;2746.316999748494;Eletrônicos
3490;16.529184015607356;6036.181837407398;Eletrônicos
3337;37.17893947022;5493.562002346003;Eletrônicos
2544;30.992320327947184;4027.2747018568784;Vestuário
7065;31.55985349859125;4778.223059107095;Eletrônicos
7933;26.003781659012276;2675.1094777317967;
7956;24.707005030031503;4607.849727183598;Eletrônicos
1859;;1446.0564543216744;Eletrônicos
3047;38.918644833156684;3552.5117496116663;Móveis
3422;23.241898410840655;4597.540418535315;Eletrônicos
4177;39.9311447756195;2227.3987468717805;Vestuário
7484;29.560443624292695;4218.636899214834;Vestuário
4278;36.52856962366813;4952.385636262789;Eletrônicos
3424;50.05063062103575;3223.4322402224057;Vestuário
3284;30.259497423815446;8641.876435487298;Eletrônicos
3284;37.095510265776596;3273.074658005991;Móveis
5642;;4027.0908271266194;Móveis
9187;44.914336423576614;1212.1367890259846;Eletrônicos
2279;19.94008312840442;8239.746873887623;Vestuário
4528;38.95249524273503;7086.615870038146;
2165;30.05921851862286;622.5468668821694;Móveis
2237;21.476735488938857;5830.292268192668;Móveis
9328;25.70181709333835;4736.986253008164;Vestuário
5621;;6693.195181668216;Móveis
3544;36.612602125696256;1041.686330789767;
1122;37.72978561015879;2422.132467500068;Eletrônicos
3720;;3175.7411327921286;
5019;;6228.555492630409;Móveis
3695;34.19719419637103;5798.335331724586;Eletrônicos
8121;36.34820130619137;2726.9138528378758;Móveis
8524;;3393.545562169398;
5212;24.91043231787686;4221.2746494085395;Móveis
4394;;5394.963629979022;Móveis
5048;20.05780364903486;8495.654345100962;Móveis
1294;;5179.471796252451;Móveis
7368;;5281.5195040332765;Vestuário
6442;;5642.165810597795;
8936;37.698533755437495;4781.095663408113;Vestuário
4948;33.42932748752544;8405.736682430648;Móveis
8055;27.725355723688217;6338.84143471724;Móveis
5521;;4324.675664270732;Móveis
6508;;5019.122015828313;Vestuário
2784;34.519425841562914;4849.686609292434;Eletrônicos
9631;28.13725977523703;8115.54070293548;Móveis
1377;;641.4843388799403;Vestuário
6304;30.347067993330985;6682.7076360003575;Vestuário
2519;33.285826657292816;5876.781806283834;Vestuário
4179;40.11588764461604;4086.5265561319493;Eletrônicos
6135;32.66472324133996;2972.4934687060113;Eletrônicos
5137;12.544426367907517;4483.842323608659;Móveis
4848;;3364.3178405909057;Móveis
3797;46.81769049685938;6263.6011096623315;Móveis
6272;38.30608946704118;3388.7701309741815;Vestuário
6927;28.58430825719729;12218.321414926817;Eletrônicos
1859;;4561.716044846802;Vestuário
7288;22.520869375193563;3327.857516766012;Móveis
6798;50.59660467910376;3688.1479296509415;Móveis
2435;30.939237707400235;3903.228582904434;Móveis
6587;21.007485330234378;5992.289865975939;Móveis
3721;41.03364484099308;6440.845200527981;Vestuário
8808;42.66959320148877;5622.378924543791;Móveis
3009;38.6180667979216;3629.3845882230826;Eletrônicos
1052;41.03280954334775;4701.061774395615;Eletrônicos
2074;46.02552360416621;6200.5121015695595;Eletrônicos
1276;39.109384170778874;8359.530596321203;Móveis
7385;28.613075179615628;6200.002247452731;Eletrônicos
1409;48.825374867213995;3933.6538548137532;Vestuário
4069;;2969.158182993227;Móveis
1451;;2402.7964246512374;Móveis
4167;;1926.9867800545098;Vestuário
2406;28.47738641457855;4759.12450204863;Móveis
8805;26.058552301338427;6980.360501818827;Vestuário
2926;54.90005512437931;4834.803290932225;Móveis
6015;41.13893072377714;263.16745427004395;Móveis
2721;21.672747414813006;4982.823070085642;Móveis
1522;37.11447859119633;7444.6247792661925;Eletrônicos
6321;23.84340849097925;2685.948985788699;Móveis
3605;30.209654344074185;8136.359388577094;Móveis
3608;39.85599770388723;3884.69111531852;Vestuário
6055;41.2338841132193;6469.922698666388;Vestuário
8293;31.107184578806876;5957.378507404243;Vestuário
4027;26.358131959797966;4721.349486926551;Eletrônicos
5234;32.677983720840245;2718.196561794789;Móveis
7725;11.66825969350954;1682.8402379605532;Vestuário
8088;27.482280984363264;6697.338347199023;Eletrônicos
9660;54.15652588918249;6632.781719109381;Vestuário
6798;50.59660467910376;3688.1479296509415;Móveis
2180;27.585107651203906;6163.933919266342;Eletrônicos
6529;37.393529313105105;5209.486816497203;Vestuário
6333;24.75197310158246;2294.800971727616;Eletrônicos
2681;53.20780653707214;5549.550225491919;Eletrônicos
7288;22.520869375193563;3327.857516766012;Móveis
7601;35.49792365162718;1944.1597529143792;Vestuário
9905;59.48004803835113;5744.466769063047;
6367;36.56371521816427;6188.721668046379;Vestuário
7945;44.51745964114985;6138.292486403517;Móveis
6869;44.99760518885932;4694.299511195733;Eletrônicos
4364;15.63796712200266;2986.1652902065316;Eletrônicos
8187;36.06141721422388;5101.307195352546;Vestuário
2317;48.77823460557836;6630.231569497386;Móveis
7169;32.75533230131052;5298.703023283332;Móveis
9036;;6012.211460762375;Vestuário
1377;;641.4843388799403;Vestuário
5829;48.084871545168376;4034.50516545508;Móveis
8922;10.887684282072957;5447.079774475689;Eletrônicos
7401;25.726379019453063;4990.431523457024;Móveis
5843;;3832.8636156152133;Eletrônicos
2279;19.94008312840442;8239.746873887623;Vestuário
2384;45.20981928071207;5399.325474500093;Eletrônicos
7624;33.83238437241484;5168.018301339186;
